Booking ID,Full Name,Date of Birth,Custody Status,Age,Gender,Race,Custody Status Date,Book Date,Location
96623955,RICHARD ANTHONY RODRIGUEZ,05/01/1991,Transferred,32,Male,White,"Jun 20, 2023 11:14 AM PDT",,
96623956,BLAKE MARTIN,01/01/1991,Out of Custody,32,Male,White,"Jun 15, 2023 06:25 PM PDT",,
96623957,ALEJANDRO CISNEROS,05/01/1974,Out of Custody,49,Male,Unknown,"Jun 15, 2023 11:54 AM PDT",,
96623958,JOSE HERNANDEZ,09/01/1991,Out of Custody,32,Male,Unknown,"Jun 15, 2023 12:05 PM PDT",,
96623959,THOMAS GONGORA,07/01/1995,In Custody,28,Male,Unknown,"Jun 21, 2023 11:15 AM PDT",,North County Correctional Facility
